Duration,x^0,x^1,x^2,x^3,x^4,x^5,x^6,x^7,y^0,y^1,y^2,y^3,y^4,y^5,y^6,y^7,z^0,z^1,z^2,z^3,z^4,z^5,z^6,z^7,yaw^0,yaw^1,yaw^2,yaw^3,yaw^4,yaw^5,yaw^6,yaw^7
3.46266,0,0,0,0,0,0,0,0,0,0,0,0,-0.0609132,0.0380064,-0.00833559,0.000637597,0.45,0,0,0,-6.2143e-18,4.64389e-18,-1.16302e-18,9.82415e-20,0,0,0,0,0,0,0,0
3.45404,0,0,0,0,0,0,0,0,-0.4,-1.00642e-14,0.087457,-1.95087e-14,0.0250543,-0.0258981,0.00727235,-0.000652388,0.45,1.77327e-17,-5.77969e-30,-6.66216e-19,-1.38778e-17,0,0,0,0,0,0,0,0,0,0,0
